"","X2","X3","X4","X5","X6","X7","X8","X9","X10","X11","X12","X13","X14","X15"
"X001ND",1,1,1,1,1,1,1,1,1,1,1,1,1,1
"X003ND",1,1,1,1,1,1,1,1,1,1,1,1,1,1
"X004ND",1,1,1,1,1,1,1,1,1,1,1,1,1,1
"X005ND",1,1,1,1,1,1,1,1,2,2,2,2,2,2
"X006ND",1,1,1,1,1,1,1,1,1,1,1,1,1,1
"X007ND",1,1,1,1,1,1,1,1,1,1,1,1,1,1
"X008ND",1,1,1,1,1,1,1,1,1,1,1,1,1,1
"X009ND",1,1,1,1,1,1,1,1,1,1,1,1,1,1
"X010ND",1,1,1,1,1,1,1,1,1,1,1,1,1,1
"X011ND",1,1,1,1,1,1,1,1,1,1,1,1,1,1
"X012ND",1,1,1,1,1,1,1,1,1,1,1,1,1,1
"X013ND",1,1,1,1,1,1,1,1,1,1,1,1,1,1
"X015ND",1,1,1,1,1,1,1,1,1,1,1,1,1,1
"X016ND",1,1,1,1,1,1,1,1,1,1,1,1,1,1
"X017ND",1,1,1,1,2,2,2,2,3,3,3,3,3,3
"X018ND",1,1,1,1,1,1,1,1,1,1,1,1,1,1
"X019ND",1,1,1,1,1,1,1,1,1,1,1,1,1,1
"X020ND",1,1,1,1,1,1,1,1,1,1,1,1,1,1
"X022ND",1,1,1,1,1,1,1,1,1,1,1,1,1,1
"X023ND",1,1,1,1,1,1,1,1,1,1,1,1,1,1
"X027ND",1,1,1,1,1,1,1,1,1,1,1,1,1,1
"X029ND",1,1,1,1,1,1,1,1,1,1,1,1,1,1
"X030ND",1,1,1,1,1,1,1,1,1,1,1,1,1,1
"X032ND",1,1,1,1,1,1,1,1,1,1,1,1,1,1
"X033ND",1,1,1,1,1,1,1,1,1,1,1,1,1,1
"X034ND",1,1,1,1,1,1,1,1,1,1,1,1,1,1
"X038ND",1,1,1,1,1,1,1,1,2,2,2,2,2,2
"X039ND",1,1,1,1,1,1,1,1,1,1,1,1,1,1
"X040ND",1,1,1,1,1,1,1,1,1,1,1,1,1,1
"X041ND",1,1,1,1,1,1,1,1,1,1,1,1,1,1
"X044ND",1,1,1,1,1,1,1,1,1,1,1,1,1,1
"X045ND",1,1,1,1,1,1,1,1,1,1,1,1,1,1
"X047ND",1,1,1,1,1,1,1,1,1,1,1,1,1,1
"X048ND",1,1,1,1,1,1,1,1,1,1,1,1,1,1
"X049ND",1,1,1,1,1,1,1,1,1,1,1,1,1,1
"X051ND",1,1,1,1,1,1,1,1,1,1,1,1,1,1
"X052ND",1,1,1,1,1,1,1,1,1,1,1,1,1,1
"X053ND",1,1,1,1,1,1,1,1,1,1,1,1,1,1
"X054ND",1,1,1,1,1,1,1,1,1,1,1,1,1,1
"X055ND",1,1,1,1,1,1,1,1,1,1,1,1,1,1
"X057ND",1,1,1,1,1,1,1,1,1,1,1,1,1,1
"X058ND",1,1,1,1,1,1,1,1,1,1,1,1,1,1
"X060ND",1,1,1,1,1,1,1,1,1,1,1,1,1,1
"X063ND",1,1,1,1,1,1,1,1,1,1,1,1,1,1
"X064ND",1,1,1,1,1,1,1,1,1,1,1,1,1,1
"X070ND",1,1,1,1,1,1,1,1,1,1,1,1,1,1
"X082ND",1,1,1,1,1,1,1,1,2,2,2,2,2,2
"X083ND",1,1,1,1,1,1,1,1,1,1,1,1,1,1
"X090ND",1,1,1,1,1,1,1,1,1,1,1,1,1,1
"X091ND",1,1,1,1,1,1,1,1,1,1,1,1,1,1
"X100ND",1,1,1,1,1,1,1,1,2,2,2,2,2,2
"X1047ND",1,1,1,1,1,1,1,1,1,1,1,1,1,1
"X1050ND",1,1,1,1,1,1,1,1,1,1,1,1,1,1
"X1052ND",1,1,1,1,1,1,1,1,1,1,1,1,1,1
"X1053ND",1,1,1,1,1,1,1,1,1,1,1,1,1,1
"X1054ND",1,1,1,1,1,1,1,1,1,1,1,1,1,1
"X1059ND",1,1,1,1,1,1,1,1,1,1,1,1,1,1
"X1062ND",1,1,1,1,1,1,1,1,1,1,1,1,1,1
"X1063ND",1,1,1,1,1,1,1,1,1,1,1,1,1,1
"X1066ND",1,1,1,1,1,1,1,1,1,1,1,1,1,1
"X1075ND",1,1,1,1,1,1,1,1,1,1,1,1,1,1
"X1076ND",1,1,1,1,1,1,1,1,1,1,1,1,1,1
"X1079ND",1,1,1,1,1,1,1,1,1,1,1,1,1,1
"X1080ND",1,1,1,1,1,1,1,1,1,1,1,1,1,1
"X1096ND",1,1,1,1,1,1,1,1,1,1,1,1,1,1
"X1098ND",1,1,1,1,1,1,1,1,1,1,1,1,1,1
"X1100ND",1,1,1,1,1,1,1,1,2,2,2,2,2,2
"X1103ND",1,1,1,1,1,1,1,1,1,1,1,1,1,1
"X110ND",1,1,1,1,1,1,1,1,1,1,1,1,1,1
"X111ND",1,1,1,1,1,1,1,1,1,1,1,1,1,1
"X1141ND",1,1,1,1,1,1,1,1,1,1,1,1,1,1
"X114ND",1,1,1,1,1,1,1,1,1,1,1,1,1,1
"X115ND",1,1,1,1,1,1,1,1,1,1,1,1,1,1
"X1161ND",1,1,1,1,1,1,1,1,1,1,1,1,1,1
"X1162ND",1,1,1,1,1,1,1,1,2,2,2,2,2,4
"X1163ND",1,1,1,1,1,1,1,1,1,1,1,1,1,1
"X1165ND",1,1,1,1,1,1,1,1,1,1,1,1,1,1
"X1166ND",1,1,1,1,1,1,1,1,1,1,1,1,1,1
"X1167ND",1,1,1,1,1,1,1,1,1,1,1,1,1,1
"X1168ND",1,1,1,1,1,1,1,1,1,1,1,1,1,1
"X1169ND",1,1,1,1,1,1,1,1,1,1,1,1,1,1
"X116ND",1,1,1,1,1,1,1,1,1,1,1,1,1,1
"X1175ND",1,1,1,1,1,1,1,1,1,1,1,1,1,1
"X1177ND",1,1,1,1,1,1,1,1,1,1,1,1,1,1
"X1178ND",1,1,1,1,1,1,1,1,1,1,1,1,1,1
"X1179ND",1,1,1,1,1,1,1,1,1,1,1,1,1,1
"X117ND",1,1,1,1,1,1,1,1,1,1,1,1,1,1
"X1181ND",1,1,1,1,1,1,1,1,1,1,1,1,1,1
"X1183ND",1,1,1,1,1,1,1,1,1,1,1,1,1,1
"X1184ND",1,1,1,1,1,1,1,1,1,1,1,1,1,1
"X1185ND",1,1,1,1,1,1,1,1,1,1,1,1,1,1
"X1187ND",1,1,1,1,1,1,1,1,1,1,1,1,1,1
"X1188ND",1,1,1,1,1,1,1,1,1,1,1,1,1,1
"X1193ND",1,1,1,1,1,1,1,1,1,1,1,1,1,1
"X1195ND",1,1,1,1,1,1,1,1,1,1,1,1,1,1
"X1196ND",1,1,1,1,1,1,1,1,1,1,1,1,1,1
"X1198ND",1,1,1,1,1,1,1,1,1,1,1,1,1,1
"X1203ND",1,1,1,1,1,1,1,1,1,1,1,1,1,1
"X1220ND",1,1,1,1,1,1,1,1,1,1,1,1,1,1
"X1221ND",1,1,1,1,1,1,1,1,1,1,1,1,1,1
"X1222ND",1,1,1,1,1,1,1,1,1,1,1,1,1,1
"X1223ND",1,1,1,1,1,1,1,1,1,1,1,1,1,1
"X1224ND",1,1,1,1,1,1,1,1,1,1,1,1,1,1
"X1226ND",1,1,1,1,1,1,1,1,1,1,1,1,1,1
"X1228ND",1,1,1,1,1,1,1,1,1,1,1,1,1,1
"X1229ND",1,1,1,1,1,1,1,1,1,1,1,1,1,1
"X1236ND",2,2,2,2,3,3,3,3,4,4,4,4,4,5
"X1237ND",2,3,3,3,4,4,4,4,5,5,5,5,5,6
"X1238ND",1,1,1,1,1,1,1,1,2,2,2,2,2,4
"X1239ND",1,1,1,1,1,1,1,1,2,2,2,2,2,2
"X124ND",1,1,1,1,1,1,1,1,1,1,1,1,1,1
"X1254ND",1,1,1,1,2,2,5,5,6,6,6,6,6,7
"X1256ND",1,1,1,1,1,1,1,1,1,1,1,1,1,1
"X1257ND",1,1,1,1,1,1,1,1,1,1,1,1,1,1
"X1260ND",1,1,1,1,1,1,1,1,1,1,1,1,1,1
"X1262ND",1,1,1,1,1,1,1,1,1,1,1,1,1,1
"X1263ND",1,1,1,1,1,1,1,1,1,1,1,1,1,1
"X1266ND",1,1,1,1,1,1,1,1,1,1,1,1,1,1
"X1268ND",1,1,1,1,1,1,1,1,1,1,1,1,1,1
"X1270ND",1,1,1,1,1,1,1,1,1,1,1,1,1,1
"X1271ND",1,1,1,1,1,1,1,1,1,1,1,1,1,1
"X1277ND",1,1,1,1,1,1,1,1,1,1,1,1,1,1
"X127ND",1,1,1,1,1,1,1,1,1,1,1,1,1,1
"X1290ND",1,1,1,1,1,1,1,1,1,1,1,1,1,1
"X1291ND",1,1,1,1,1,1,1,1,1,1,1,1,1,1
"X1294ND",1,1,1,1,1,1,1,1,1,1,1,1,1,1
"X1295ND",1,1,1,1,1,1,1,1,1,1,1,1,1,1
"X1297ND",1,1,1,1,1,1,1,1,1,1,1,1,1,1
"X1298ND",1,1,1,1,1,1,1,1,1,1,1,1,1,1
"X1307ND",1,1,1,1,1,1,1,1,1,1,1,1,1,1
"X1309ND",1,1,1,1,1,1,1,1,1,1,1,1,1,1
"X1311ND",1,1,1,1,1,1,1,1,1,1,1,1,1,1
"X1312ND",1,1,1,1,1,1,1,1,1,1,1,1,1,1
"X1313ND",1,1,1,1,1,1,1,1,1,1,7,7,7,8
"X1317ND",1,1,1,1,1,1,1,1,1,1,1,1,1,1
"X1319ND",1,1,1,1,1,1,1,1,1,1,1,1,1,1
"X131ND",1,1,1,1,1,1,1,1,1,1,1,1,1,1
"X1323ND",1,1,1,1,1,1,1,1,1,1,1,1,1,1
"X1326ND",1,1,1,1,1,1,1,1,2,2,2,2,2,2
"X1327ND",1,1,1,1,1,1,1,1,1,1,1,1,1,1
"X1328ND",1,1,1,1,1,1,1,1,1,1,1,1,1,1
"X1338ND",1,1,1,1,1,1,1,1,1,1,1,1,1,1
"X1343ND",1,1,1,1,1,1,1,1,1,1,1,1,1,1
"X1344ND",1,1,1,1,1,1,1,1,2,2,2,2,2,2
"X1345ND",1,1,1,1,1,1,1,1,1,1,1,1,1,1
"X1346ND",1,1,1,1,1,1,1,1,2,2,2,2,2,2
"X135ND",1,1,1,1,2,2,2,6,7,7,8,8,8,9
"X1364ND",1,1,1,1,1,1,1,1,1,1,1,1,1,1
"X1365ND",1,1,1,1,1,1,1,1,1,1,1,1,1,1
"X136ND",1,1,1,1,1,1,1,1,1,1,1,1,1,1
"X1380ND",1,1,1,1,1,1,1,1,1,1,1,1,1,1
"X1386ND",1,1,1,1,1,1,1,1,1,1,1,1,1,1
"X138ND",1,1,1,1,1,1,1,1,1,1,1,1,1,1
"X139ND",1,1,1,1,1,1,1,1,1,1,1,1,1,1
"X1403ND",1,1,1,1,1,1,1,1,1,1,1,1,1,1
"X1407ND",1,1,1,1,2,2,5,5,6,8,9,9,9,10
"X1413ND",1,1,1,1,2,2,5,5,6,8,9,9,9,10
"X1418ND",2,3,3,3,4,5,6,7,8,9,10,10,10,11
"X141ND",1,1,1,1,1,1,1,1,1,1,1,1,1,1
"X142ND",1,1,1,1,1,1,1,1,1,1,1,1,1,1
"X1437ND",1,1,1,1,2,2,5,5,6,6,6,6,6,7
"X1441ND",1,1,1,1,1,1,1,1,1,1,1,1,1,1
"X1442ND",1,1,1,1,1,1,1,1,1,1,1,1,1,1
"X1444ND",1,1,1,1,1,1,1,1,1,1,1,1,1,1
"X1447ND",1,1,1,1,1,1,1,1,1,1,1,1,1,1
"X1448ND",1,1,1,1,1,1,1,1,1,1,1,1,1,1
"X144ND",1,1,1,1,1,1,1,1,1,1,1,1,1,1
"X1452ND",1,1,1,1,2,2,5,5,6,8,9,9,9,10
"X1459ND",1,1,1,1,1,1,1,1,1,1,1,1,1,1
"X145ND",1,1,1,1,1,1,1,1,1,1,1,1,1,1
"X1462ND",1,1,1,1,1,1,1,1,1,1,1,1,1,1
"X1465ND",1,1,1,1,1,1,1,1,1,1,1,1,1,1
"X1468ND",1,1,1,1,1,1,1,1,1,1,1,1,1,1
"X146ND",1,1,1,1,1,1,1,1,1,1,1,1,1,1
"X1471ND",1,1,1,1,1,1,1,1,1,1,1,1,1,1
"X1472ND",1,1,1,1,1,1,1,1,1,1,1,1,1,1
"X1479ND",1,1,1,1,1,1,1,1,1,1,1,1,1,1
"X147ND",1,1,1,1,1,1,1,1,2,2,2,2,2,2
"X1481ND",1,1,1,1,1,1,1,1,1,1,1,1,1,1
"X1484ND",1,1,1,1,1,1,1,1,2,2,2,2,2,2
"X1489ND",1,1,1,1,1,1,1,1,1,1,1,1,1,1
"X148ND",1,1,1,1,2,2,2,2,3,3,3,3,3,3
"X1491ND",1,1,1,1,1,1,1,1,1,1,1,1,1,1
"X149ND",1,1,1,1,1,1,1,1,1,1,1,1,1,1
"X1507ND",1,1,1,1,1,1,1,1,1,1,1,1,1,1
"X150ND",1,1,1,1,1,1,1,1,1,1,1,1,1,1
"X1512ND",1,1,1,1,1,1,1,1,1,1,1,1,1,1
"X152ND",1,1,1,1,1,1,1,1,1,1,1,1,1,1
"X1533ND",1,1,1,1,1,1,1,1,1,1,1,1,1,1
"X1534ND",1,1,1,1,1,1,1,1,1,1,1,1,1,1
"X1535ND",1,1,1,1,1,1,1,1,1,1,1,1,1,1
"X1543ND",1,1,1,1,1,1,1,1,1,1,1,1,1,1
"X1545ND",1,1,1,1,1,1,1,1,1,1,1,1,1,1
"X155ND",1,1,1,1,1,1,1,1,1,1,1,1,1,1
"X1564ND",1,1,1,1,1,1,1,1,1,1,1,1,1,1
"X1565ND",1,1,1,1,1,1,1,1,1,1,1,1,1,1
"X1566ND",1,1,1,1,1,1,1,1,1,1,1,1,1,1
"X1567ND",1,1,1,1,1,1,1,1,1,1,1,1,1,1
"X1568ND",1,1,1,1,1,1,1,1,1,1,1,1,1,1
"X156ND",1,1,1,1,1,1,1,1,1,1,1,1,1,1
"X157ND",1,1,1,1,1,1,1,1,1,1,1,1,1,1
"X1581ND",1,1,1,1,1,1,1,1,1,1,1,1,1,1
"X1587ND",1,1,1,1,1,1,1,1,1,1,1,1,1,1
"X158ND",1,1,1,1,1,1,1,1,1,1,1,1,1,1
"X159ND",1,1,1,1,1,1,1,1,1,1,1,1,1,1
"X160ND",1,1,1,1,1,1,1,1,1,1,1,1,1,1
"X165ND",1,1,1,1,1,1,1,1,1,1,1,1,1,1
"X166ND",1,1,1,1,1,1,1,1,1,1,1,1,1,1
"X168ND",1,1,1,1,1,1,1,1,1,1,1,1,1,1
"X170ND",1,1,1,1,1,1,1,1,2,2,2,2,2,2
"X171ND",1,1,1,1,1,1,1,1,1,1,7,7,7,8
"X172ND",1,1,1,1,1,1,1,1,1,1,1,1,1,1
"X173ND",1,1,1,1,1,1,1,1,1,1,1,1,1,1
"X174ND",1,1,1,1,1,1,1,1,1,1,1,1,1,1
"X175ND",1,1,1,1,1,1,1,1,1,1,1,1,1,1
"X180ND",1,1,1,1,1,1,1,1,1,1,1,1,1,1
"X181ND",1,1,1,1,1,1,1,1,1,1,1,1,1,1
"X182ND",1,1,1,1,1,1,1,1,1,1,1,1,1,1
"X184ND",1,1,1,1,1,1,1,1,1,1,1,1,1,1
"X185ND",1,1,1,1,1,1,1,1,1,1,1,1,1,1
"X186ND",1,1,1,1,1,1,1,1,1,1,1,1,1,1
"X188ND",1,1,1,1,1,1,1,1,1,1,1,1,1,1
"X189ND",1,1,1,1,1,1,1,1,1,1,1,1,1,1
"X190ND",1,1,1,1,1,1,1,1,1,1,1,1,1,1
"X191ND",1,1,1,1,1,1,1,1,1,1,1,1,1,1
"X192ND",2,3,4,4,5,6,7,8,9,10,11,11,11,12
"X193ND",1,1,1,1,1,1,1,1,1,1,1,1,1,1
"X194ND",1,1,1,1,1,1,1,1,1,1,1,1,1,1
"X195ND",1,1,1,1,1,1,1,1,1,1,1,1,1,1
"X197ND",1,1,1,1,1,1,1,1,1,1,1,1,1,1
"X199ND",1,1,1,1,1,1,1,1,1,1,1,1,1,1
"X264ND",1,1,1,1,1,1,1,1,1,1,1,1,1,1
"X266ND",2,3,4,5,6,7,8,9,10,11,12,12,12,13
"X267ND",1,1,1,1,1,1,1,1,1,1,1,1,1,1
"X270ND",1,1,1,1,1,1,1,1,1,1,1,1,1,1
"X272ND",1,1,1,1,1,1,1,1,1,1,1,1,1,1
"X273ND",1,1,1,1,1,1,1,1,1,1,1,1,1,1
"X274ND",1,1,1,1,1,1,1,1,1,1,1,1,1,1
"X275ND",1,1,1,1,1,1,1,1,1,1,1,1,1,1
"X276ND",1,1,1,1,1,1,1,1,1,1,1,1,1,1
"X277ND",1,1,1,1,1,1,1,1,1,1,1,1,1,1
"X278ND",1,1,1,1,1,1,1,1,1,1,1,1,1,1
"X279ND",1,1,1,1,1,1,1,1,1,1,1,1,1,1
"X280ND",1,1,1,1,1,1,1,1,1,1,1,1,1,1
"X282ND",1,1,1,1,1,1,1,1,1,1,1,1,1,1
"X284ND",1,1,1,1,1,1,1,1,1,1,1,1,1,1
"X287ND",1,1,1,1,1,1,1,1,1,1,1,1,1,1
"X288ND",1,1,1,1,1,1,1,1,1,1,1,1,1,1
"X289ND",1,1,1,1,2,2,2,2,3,3,3,3,13,14
"X290ND",1,1,1,1,1,1,1,1,1,1,1,1,1,1
"X291ND",1,1,1,1,1,1,1,1,1,1,1,1,1,1
"X296ND",1,1,1,1,1,1,1,1,1,1,1,1,1,1
"X297ND",1,1,1,1,1,1,1,1,1,1,1,1,1,1
"X298ND",1,1,1,1,1,1,1,1,1,1,1,1,1,1
"X302ND",1,1,1,1,1,1,1,1,1,1,1,1,1,1
"X305ND",1,1,1,1,1,1,1,1,1,1,1,1,1,1
"X307ND",1,1,1,1,1,1,1,1,1,1,1,1,1,1
"X308ND",1,1,1,1,1,1,1,1,1,1,1,1,1,1
"X312ND",1,1,1,1,1,1,1,1,1,1,1,1,1,1
"X313ND",1,1,1,1,1,1,1,1,1,1,1,1,1,1
"X314ND",1,1,1,1,1,1,1,1,1,1,1,1,1,1
"X315ND",1,1,1,1,1,1,1,1,1,1,1,1,1,1
"X316ND",1,1,1,1,1,1,1,1,1,1,1,1,1,1
"X317ND",1,1,1,1,1,1,1,1,1,1,1,1,1,1
"X319ND",1,1,1,1,1,1,1,1,1,1,1,1,1,1
"X321ND",1,1,1,1,1,1,1,1,2,2,2,2,2,2
"X322ND",1,1,1,1,1,1,1,1,1,1,1,1,1,1
"X323ND",1,1,1,1,1,1,1,1,1,1,1,1,1,1
"X324ND",1,1,1,1,1,1,1,1,1,1,1,1,1,1
"X325ND",1,1,1,1,1,1,1,1,1,1,1,1,1,1
"X326ND",1,1,1,1,1,1,1,1,1,1,1,1,1,1
"X328ND",1,1,1,1,1,1,1,1,1,1,1,1,1,1
"X329ND",1,1,1,1,1,1,1,1,1,1,1,1,1,1
"X330ND",1,1,1,1,1,1,1,1,1,1,1,1,1,1
"X331ND",1,1,1,1,1,1,1,1,1,1,1,1,1,1
"X333ND",1,1,1,1,1,1,1,1,1,1,1,1,1,1
"X338ND",1,1,1,1,1,1,1,1,1,1,1,1,1,1
"X339ND",1,1,1,1,1,1,1,1,1,1,1,1,1,1
"X341ND",1,1,1,1,1,1,1,1,1,1,1,1,1,1
"X344ND",1,1,1,1,1,1,1,1,1,1,1,1,1,1
"X345ND",1,1,1,1,1,1,1,1,1,1,1,1,1,1
"X350ND",1,1,1,1,1,1,1,1,1,1,1,1,1,1
"X351ND",1,1,1,1,1,1,1,1,1,1,1,1,1,1
"X352ND",1,1,1,1,1,1,1,1,1,1,1,1,1,1
"X353ND",1,1,1,1,1,1,1,1,1,1,1,1,1,1
"X358ND",1,1,1,1,1,1,1,1,1,1,1,1,1,1
"X361ND",1,1,1,1,1,1,1,1,1,1,1,1,1,1
"X362ND",1,1,1,1,1,1,1,1,1,1,1,1,1,1
"X365ND",1,1,1,1,1,1,1,1,1,1,1,1,1,1
"X366ND",1,1,1,1,1,1,1,1,1,1,1,1,1,1
"X375ND",1,1,1,1,1,1,1,1,1,1,1,1,1,1
"X376ND",1,1,1,1,1,1,1,1,1,1,1,1,1,1
"X380ND",1,1,1,1,1,1,1,1,1,1,1,1,1,1
"X381ND",1,1,1,1,1,1,1,1,1,1,1,1,1,1
"X382ND",1,1,1,1,1,1,1,1,1,1,1,1,1,1
"X383ND",1,1,1,1,1,1,1,1,1,1,1,1,1,1
"X384ND",1,1,1,1,1,1,1,1,1,1,1,1,1,1
"X385ND",1,1,1,1,1,1,1,1,1,1,1,1,1,1
"X386ND",1,1,1,1,1,1,1,1,1,1,1,1,1,1
"X387ND",1,1,1,1,1,1,1,1,1,1,1,1,1,1
"X393ND",1,1,1,1,1,1,1,1,1,1,1,1,1,1
"X395ND",1,1,1,1,1,1,1,1,1,1,1,1,1,1
"X396ND",1,1,1,1,1,1,1,1,1,1,1,1,1,1
"X397ND",1,1,1,1,1,1,1,1,1,1,1,1,1,1
"X398ND",1,1,1,1,1,1,1,1,1,1,1,1,1,1
"X422ND",1,1,1,1,1,1,1,1,1,1,1,1,1,1
"X435ND",1,1,1,1,1,1,1,1,1,1,1,1,1,1
"X442ND",1,1,1,1,1,1,1,1,1,1,1,1,1,1
"X447ND",1,1,1,1,1,1,1,1,1,1,1,1,1,1
"X464ND",1,1,1,1,1,1,1,1,1,1,1,1,1,1
"X466ND",1,1,1,1,1,1,1,1,1,1,1,1,1,1
"X472ND",1,1,1,1,1,1,1,1,1,1,1,1,1,1
"X474ND",1,1,1,1,1,1,1,1,1,1,1,1,1,1
"X475ND",1,1,1,1,1,1,1,1,1,1,1,1,1,1
"X504ND",1,1,1,1,1,1,1,1,1,1,1,1,1,1
"X505ND",1,1,1,1,1,1,1,1,1,1,1,1,1,1
"X509ND",1,1,1,1,1,1,1,1,1,1,1,1,1,1
"X510ND",1,1,1,1,1,1,1,1,1,1,1,1,1,1
"X535ND",1,1,1,1,1,1,1,1,1,1,1,1,1,1
"X544ND",1,1,1,1,1,1,1,1,1,1,1,1,1,1
"X558ND",1,1,1,1,1,1,1,1,1,1,1,1,1,1
"X560ND",1,1,1,1,1,1,1,1,1,1,1,1,1,1
"X561ND",1,1,1,1,1,1,1,1,1,1,1,1,1,1
"X565ND",1,1,1,1,1,1,1,1,1,1,1,1,1,1
"X566ND",1,1,1,1,1,1,1,1,1,1,1,1,1,1
"X567ND",1,1,1,1,1,1,1,1,1,1,1,1,1,1
"X569ND",1,1,1,1,1,1,1,1,1,1,1,1,1,1
"X571ND",1,1,1,1,1,1,1,1,1,1,1,1,1,1
"X575ND",1,1,1,1,1,1,1,1,1,1,1,1,1,1
"X577ND",1,1,1,1,1,1,1,1,1,1,1,1,1,1
"X578ND",1,1,1,1,1,1,1,1,1,1,1,1,1,1
"X580ND",1,1,1,1,1,1,1,1,1,1,1,1,1,1
"X583ND",1,1,1,1,1,1,1,1,1,1,1,1,1,1
"X584ND",1,1,1,1,1,1,1,1,1,1,1,1,1,1
"X585ND",1,1,1,1,1,1,1,1,1,1,1,1,1,1
"X586ND",1,1,1,1,1,1,1,1,1,1,1,1,1,1
"X588ND",1,1,1,1,1,1,1,1,1,1,1,1,1,1
"X591ND",1,1,1,1,1,1,1,1,1,1,1,1,1,1
"X593ND",1,1,1,1,1,1,1,1,1,1,1,1,1,1
"X595ND",1,1,1,1,1,1,1,1,1,1,1,1,1,1
"X596ND",1,1,1,1,1,1,1,1,1,1,1,1,1,1
"X598ND",1,1,1,1,1,1,1,1,1,1,1,1,1,1
"X599ND",1,1,1,1,1,1,1,1,1,1,1,1,1,1
"X618ND",1,1,1,1,1,1,1,1,1,1,1,1,1,1
"X621ND",1,1,1,1,1,1,1,1,1,1,1,1,1,1
"X626ND",1,1,1,1,1,1,1,1,1,1,1,1,1,1
"X629ND",1,1,1,1,1,1,1,1,1,1,1,1,1,1
"X642ND",1,1,1,1,1,1,1,1,2,2,2,2,2,2
"X654ND",1,1,1,1,1,1,1,1,1,1,1,1,1,1
"X658ND",1,1,1,1,1,1,1,1,1,1,1,1,1,1
"X661ND",1,1,1,1,1,1,1,1,1,1,1,1,1,1
"X663ND",1,1,1,1,1,1,1,1,1,1,1,1,1,1
"X664ND",1,1,1,1,1,1,1,1,1,1,1,1,1,1
"X669ND",1,1,1,1,1,1,1,1,1,1,1,1,1,1
"X676ND",1,1,1,1,1,1,1,1,1,1,1,1,1,1
"X677ND",1,1,1,1,2,2,5,5,6,8,9,13,14,15
"X680ND",1,1,1,1,1,1,1,1,1,1,1,1,1,1
"X684ND",1,1,1,1,1,1,1,1,1,1,1,1,1,1
"X689ND",1,1,1,1,1,1,1,1,1,1,1,1,1,1
"X709ND",1,1,1,1,1,1,1,1,1,1,1,1,1,1
"X715ND",1,1,1,1,1,1,1,1,1,1,1,1,1,1
"X721ND",1,1,1,1,1,1,1,1,1,1,1,1,1,1
"X722ND",1,1,1,1,1,1,1,1,1,1,1,1,1,1
"X723ND",1,1,1,1,1,1,1,1,1,1,1,1,1,1
"X725ND",1,1,1,1,1,1,1,1,1,1,1,1,1,1
"X727ND",1,1,1,1,1,1,1,1,1,1,1,1,1,1
"X732ND",1,1,1,1,1,1,1,1,1,1,1,1,1,1
"X733ND",1,1,1,1,1,1,1,1,1,1,1,1,1,1
"X751ND",1,1,1,1,1,1,1,1,1,1,1,1,1,1
"X753ND",1,1,1,1,1,1,1,1,1,1,1,1,1,1
"X754ND",1,1,1,1,1,1,1,1,1,1,1,1,1,1
"X756ND",1,1,1,1,1,1,1,1,1,1,1,1,1,1
"X757ND",1,1,1,1,1,1,1,1,1,1,1,1,1,1
"X758ND",1,1,1,1,1,1,1,1,1,1,1,1,1,1
"X760ND",1,1,1,1,1,1,1,1,1,1,1,1,1,1
"X761ND",1,1,1,1,1,1,1,1,1,1,1,1,1,1
"X762ND",1,1,1,1,1,1,1,1,1,1,1,1,1,1
"X763ND",1,1,1,1,1,1,1,1,1,1,1,1,1,1
"X764ND",1,1,1,1,1,1,1,1,1,1,1,1,1,1
"X765ND",1,1,1,1,1,1,1,1,1,1,1,1,1,1
"X766ND",1,1,1,1,1,1,1,1,1,1,1,1,1,1
"X767ND",1,1,1,1,1,1,1,1,1,1,1,1,1,1
"X769ND",1,1,1,1,1,1,1,1,1,1,1,1,1,1
"X770ND",1,1,1,1,1,1,1,1,1,1,1,1,1,1
"X772ND",1,1,1,1,1,1,1,1,1,1,1,1,1,1
"X773ND",1,1,1,1,1,1,1,1,1,1,1,1,1,1
"X775ND",1,1,1,1,2,2,5,5,6,8,9,9,9,10
"X776ND",1,1,1,1,1,1,1,1,1,1,1,1,1,1
"X777ND",1,1,1,1,1,1,1,1,1,1,1,1,1,1
"X778ND",1,1,1,1,1,1,1,1,1,1,1,1,1,1
"X780ND",1,1,1,1,1,1,1,1,1,1,1,1,1,1
"X783ND",1,1,1,1,1,1,1,1,1,1,1,1,1,1
"X784ND",1,1,1,1,1,1,1,1,1,1,1,1,1,1
"X785ND",1,1,1,1,1,1,1,1,2,2,2,2,2,2
"X788ND",1,1,1,1,1,1,1,1,1,1,1,1,1,1
"X794ND",1,1,1,1,1,1,1,1,1,1,1,1,1,1
"X795ND",1,1,1,1,1,1,1,1,1,1,1,1,1,1
"X797ND",1,1,1,1,1,1,1,1,1,1,1,1,1,1
"X800ND",1,1,1,1,1,1,1,1,1,1,1,1,1,1
"X801ND",1,1,1,1,1,1,1,1,1,1,1,1,1,1
"X802ND",1,1,1,1,1,1,1,1,1,1,1,1,1,1
"X804ND",1,1,1,1,1,1,1,1,1,1,1,1,1,1
"X805ND",1,1,1,1,1,1,1,1,1,1,1,1,1,1
"X809ND",1,1,1,1,1,1,1,1,1,1,1,1,1,1
"X811ND",1,1,1,1,1,1,1,1,1,1,1,1,1,1
"X812ND",1,1,1,1,1,1,1,1,1,1,1,1,1,1
"X813ND",1,1,1,1,1,1,1,1,1,1,1,1,1,1
"X814ND",1,1,1,1,1,1,1,1,1,1,1,1,1,1
"X815ND",1,1,1,1,1,1,1,1,2,2,2,2,2,2
"X820ND",1,1,1,1,1,1,1,1,1,1,1,1,1,1
"X821ND",1,1,1,1,1,1,1,1,1,1,1,1,1,1
"X826ND",1,1,1,1,2,2,2,6,7,7,8,8,8,9
"X829ND",1,1,1,1,1,1,1,1,1,1,1,1,1,1
"X830ND",1,1,1,1,1,1,1,1,1,1,1,1,1,1
"X831ND",1,1,1,1,1,1,1,1,1,1,1,1,1,1
"X832ND",1,1,1,1,1,1,1,1,1,1,1,1,1,1
"X841ND",1,1,1,1,1,1,1,1,1,1,1,1,1,1
"X842ND",1,1,1,1,1,1,1,1,1,1,1,1,1,1
"X850ND",1,1,1,1,1,1,1,1,1,1,1,1,1,1
"X852ND",1,1,1,1,1,1,1,1,1,1,1,1,1,1
"X854ND",1,1,1,1,1,1,1,1,1,1,1,1,1,1
"X855ND",1,1,1,1,1,1,1,1,1,1,1,1,1,1
"X857ND",1,1,1,1,1,1,1,1,1,1,1,1,1,1
"X859ND",1,1,1,1,1,1,1,1,1,1,1,1,1,1
"X860ND",1,1,1,1,1,1,1,1,1,1,1,1,1,1
"X861ND",1,1,1,1,1,1,1,1,1,1,1,1,1,1
"X862ND",1,1,1,1,1,1,1,1,1,1,1,1,1,1
"X868ND",1,1,1,1,1,1,1,1,1,1,1,1,1,1
"X869ND",1,1,1,1,1,1,1,1,1,1,1,1,1,1
"X873ND",1,1,1,1,1,1,1,1,1,1,1,1,1,1
"X874ND",1,1,1,1,1,1,1,1,1,1,1,1,1,1
"X875ND",1,1,1,1,1,1,1,1,1,1,1,1,1,1
"X878ND",1,1,1,1,1,1,1,1,1,1,1,1,1,1
"X880ND",1,1,1,1,1,1,1,1,1,1,1,1,1,1
"X881ND",1,1,1,1,1,1,1,1,1,1,1,1,1,1
"X882ND",1,1,1,1,1,1,1,1,1,1,1,1,1,1
"X884ND",1,1,1,1,1,1,1,1,1,1,1,1,1,1
"X885ND",1,1,1,1,1,1,1,1,1,1,1,1,1,1
"X886ND",1,1,1,1,1,1,1,1,1,1,1,1,1,1
"X887ND",1,1,1,1,1,1,1,1,1,1,1,1,1,1
"X898ND",1,1,1,1,1,1,1,1,1,1,1,1,1,1
